Repuesto,Cant Ord. Compra,Monto Total
Optica,20150,12663209513
Paragolpes y soporte Del.,36145,8936976990
Paragolpes y soporte Tras.,18206,5627233085
Capot,6183,4149314886
Porton Tras.,2826,2975981166
Rejilla de Aireacion,9828,2826862242
Puerta Delantera Izq.,2530,2323009311
Puerta Delantera Der.,2191,1985964204
Puerta Trasera Der.,2125,1750995793
Puerta Trasera Izq.,1660,1365874196
Faro Tras.Izq.,5363,1340920340
Faro Tras.Der.,4644,1221814104
Guardabarros Delantero Izq.,4635,1136128025
Condensador,2504,1041714527
Guardabarros Delantero Der.,4291,1039537837
Radiador,2604,893161275
Espejo Electrico Izq.,2046,"889182366,8"
Paragolpes Tras. (Sin Pintar),1781,"881596270,4"
Alma de Paragolpes Delantero,2959,"876620052,1"
Rejilla del Paragolpes,6232,876588401
Tapa de Baul,1046,"782074609,5"
Espejo Electrico Der.,1741,"757740157,7"
Guardabarros Trasero Izq.,660,"657981805,8"
Porton de Caja,713,629265768
Panel de Cola,1391,"594227562,5"
Guarda. Plast. Del. Der.,5544,"577753599,3"
Guarda. Plast. Del. Izq.,5600,"569421595,4"
Faro Antiniebla Izq.,2650,"521192537,1"
Faro Antiniebla Der.,2675,"520474220,3"
Parabrisas,874,482635599
Moldura Paragolpes Tras.,2307,"472219265,6"
Marco de la Rejilla de Aireacion,2262,"472189349,2"
Paragolpes Del. (Sin Pintar),1227,"470824264,6"
Guardabarros Trasero Der.,456,"456995577,3"
Frente Completo,993,"448527724,5"
Alma de Paragolpes Trasero,1481,"412183767,4"
Frente completo plastico,1134,"365556159,4"
Electroventilador,1170,"356290406,5"
Lateral de Caja Izquierdo,380,"344931710,2"
Lateral de Caja Derecho,358,"322483361,1"
Emblema Marca Rejilla Aireacion,3436,"280688634,4"
Zocalo Derecho,352,"271225997,5"
Absorbedor de Golpes Delantero,1646,"264490297,9"
Intercooler,261,"246364913,1"
Moldura Paragolpes Del.,1045,"237640254,1"
Llanta de Aleacion Del.Der.,324,"228816387,2"
Caja Direccion por Cremallera Hid.,91,"217986901,3"
Zocalo Izquierdo,296,"215215520,3"
Llanta de Aleacion Del.Izq.,326,"213451714,8"
Deflector Paragolpes Delantero,1125,"203388176,9"
Puente Eje Tras.,173,"192615759,4"
Puerta de Caja Izquierda,256,180632738
Soporte Paragolpes Tras.Der.,3685,"176765784,6"
Soporte Paragolpes Tras.Izq.,3799,"172898519,4"
Absorbedor de Golpes Trasero,1684,"170545475,7"
Extension del Faro Trasero Izquierdo,537,167521759
Eje Trasero,141,"160351725,5"
Techo,218,"155896039,4"
Llanta de Aleacion Tras.Izq.,243,"155711901,2"
Guardabarros Delantero Der. (Atornillado),372,"154581813,6"
Spoiler Paragolpes Del. (Sin Pintar),875,"151837365,6"
Parabrisas (Pegado),144,150720324
Cerradura del Capot,1619,"146505081,7"
Moldura del Porton,621,"144855269,3"
Puerta de Caja Derecha,236,"144375033,3"
Marco Faro Antiniebla Der.,1650,"143310764,1"
Guardabarros Delantero Izq. (Atornillado),372,"139461468,8"
Marco Faro Antiniebla Izq.,1523,"139122705,7"
Llanta de Aleacion Tras.Der.,215,138365812
Espejo Manual Izq.,691,"137403038,2"
Moldura Guardabarros Del. Der.,769,"137306230,8"
Bisagra de Capot Izquierda,2366,"136919834,3"
Spoiler Paragolpes Tras (Sin Pintar),440,"135161077,7"
Bisagra de Capot Derecha,2368,"134922994,3"
Moldura Superior Rejilla de Frente,814,"134383366,9"
Frente Superior,448,134089662
Extension del Faro Trasero Derecho,466,"128276948,1"
Guia del Paragolpes Del.Der.,2581,"126600485,2"
Amortiguador Delantero Izq.,536,"122857755,9"
Plancha de Abordo,139,"121941354,1"
Moldura Guardabarros Del. Izq.,841,"120358859,5"
Brazo de Suspension Del.Der.,435,112147827
Airbag Acompañante,158,"111881648,5"
Modulo AirBag-Pretensores,194,"111356013,3"
Amortiguador Delantero Der.,527,"109661081,1"
Guia del Paragolpes Del.Izq.,2572,"109050800,3"
Moldura Inferior Paragolpes Del.,694,"107831450,8"
Espejo Manual Der.,457,"106392681,6"
Emblema Modelo Porton,2370,"106082908,6"
Cuna de Motor,116,"105915478,4"
Carcasa de Electroventilador,665,"103113241,5"
Spoiler Paragolpes Tras (Sin Impresion),384,"102570358,6"
Deposito Agua Lavaparabrisas,881,"102427749,6"
Moldura Lateral Puerta Tras.Der.,866,"102199351,5"
Tapizado del Techo,133,"100371091,7"
Airbag Conductor,154,"100309615,2"
Neumatico Del. Der.,343,"100233150,3"
Moldura Lateral Puerta Del.Der.,758,"99771472,62"
Neumatico Del. Izq.,313,"98186812,18"
Cinturon de Seguridad Del.Der.,260,"95744638,99"
Cinturon de Seguridad Del.Izq.,264,"95630133,75"
Traversa Del.Superior,405,"95016148,61"
Guarda. Plast. Tras. Izq.,914,"92981565,99"
Moldura Lateral Puerta Del.Izq.,753,"92301453,25"
Semieje Derecho,111,"90377502,84"
Brazo de Suspension Del.Izq.,392,"88854386,09"
Porta Masa Izquierdo,191,"86659098,11"
Moldura Lateral Izq. Parag. Tras.,934,"86352063,02"
Moldura Guardabarros Tras. Der.,573,"85132654,17"
Luneta,238,"84078369,45"
Guarda. Plast. Tras. Der.,796,"83641409,56"
Moldura Lateral Der. Parag. Tras.,910,"83042042,25"
Traversa Del.Inferior,512,"82625070,28"
Moldura Lateral Der. Parag. Del.,838,"81876711,52"
Paragolpes Tras. Izq. (Sin Pintar),469,"81526354,47"
Cubierta Espejo Retr. Izq.,1236,"79426356,13"
Moldura de Zocalo Der.,310,"77537270,93"
Semieje Izquierdo,87,"76417022,92"
Estribo de Ascenso Derecho,136,"76124217,46"
Encausador de Aire Lat Der,1305,"76075278,34"
Moldura Guardabarros Tras. Izq.,531,"75456531,36"
Moldura Lateral Izq. Parag. Del.,840,"75308033,69"
Encausador de Aire Lat Izq,1263,"74512926,81"
Spoiler Paragolpes Del. (Sin Impresion),335,"73732978,58"
Encausador inf. Aire del Radiador,798,"73290077,52"
Paragolpes Tras. Der. (Sin Pintar),413,"73206181,54"
Moldura Lateral Guard. Tras.Der.,619,"69459764,1"
Rejilla Inf.del Paragolpes delantero,909,"68959585,91"
Porta Masa Derecho,181,"68706058,69"
Neumatico Tras. Izq.,235,"68637503,64"
Cubierta Espejo Retr. Der.,1061,"68513764,68"
Carcasa del Filtro de Aire,245,"68446988,42"
Moldura de Zocalo Izq.,252,"67918192,01"
Guia del Paragolpes Tras.Der.,1591,"66899458,63"
Colisa Exterior de Puerta DI.,629,"66570344,21"
Neumatico Tras. Der.,206,"66032140,33"
Deposito Agua Refrigerante,159,"64475192,56"
Emblema Marca Porton,1377,"64342171,39"
Guia del Paragolpes Tras.Izq.,1611,"64283110,39"
Protector inferior del motor,231,"62755261,67"
Estribo de Ascenso Izquierdo,101,"62727075,03"
Caja de Velocidades,10,"62680324,5"
Moldura Lateral Guard. Del.Der.,642,"62006389,95"
Moldura Lateral Puerta Tras.Izq.,518,"61903451,4"
Soporte Paragolpes Tras.Lat. Izq.,1312,"60298699,48"
Estribo de Ascenso Trasero,348,"59588603,86"
Emblema Insignia del Porton,1104,"57585117,57"
Colisa Exterior de Puerta DD.,544,"56926922,42"
Moldura Lateral Guard. Del.Izq.,611,"54673439,69"
Soporte Paragolpes Tras.Lat. Der.,1191,"54661578,31"
Paragolpes Tras. Der. (Sin Impresion),280,"54605674,72"
Colisa Exterior de Puerta TI.,458,"54483562,69"
Silenciador Trasero,67,"54086537,9"
Paragolpes Tras. Izq. (Sin Impresion),284,"53854387,48"
Cerradura Tapa de Baul,328,"52983498,54"
Motor Completo,8,"52430688,5"
Modulo de Airbag,101,"52269447,7"
Proteccion plast.Traversa Sup.Del.,403,"52120389,46"
Manguera Compresor a Condensador,227,"52036554,49"
Moldura Lateral Guard. Tras.Izq.,490,"50509078,91"
Maquina Lev. Cristal Motor PDI,180,"49012852,17"
Cerradura Electrica del Porton,306,"48829299,83"
Piso Trasero,86,"48407660,02"
Tapizado interior del panel de cola,388,"47914521,32"
Moldura Central de Paragolpes Tras.,381,"46738697,95"
Cerradura Porton,325,"46205817,14"
Paragolpes Tras. Central (Sin Impresion),143,"44220771,2"
Colisa Exterior de Puerta TD.,401,"43434968,5"
Rejilla Bajo Parabrisas,199,"43031880,01"
Frente Superior Plastico,169,"42520245,32"
Lateral Izquierdo,51,"42488166,8"
Luz de Stop Adicional,302,"42314785,19"
Moldura del Faro Antiniebla Del. Izq.,418,"42011829,78"
Soporte Central Cierre Capot,439,"41124278,1"
Encausador sup. Aire del Radiador,540,"40356177,79"
Soporte Paragolpes Del. Lat.Izq.,1110,"39751626,53"
Cristal Puerta Del.Izq.,234,"39740247,43"
Cristal del Techo Solar,30,"39710853,95"
Liquido Refrigerante,1418,"39661443,59"
Soporte Paragolpes Del. Lat.Der.,1091,"39152477,29"
Emblema Capot,521,"38907220,54"
Moldura Refractante Paragolpes Tras. Izq.,712,"38367621,68"
Piso Baul,75,"38188165,01"
Moldura Superior Paragolpes Del.,289,"37549535,17"
Bisagra Inferior Pta.Del.Izq.,422,"37446484,53"
Soporte Rueda de Auxilio,132,"37338771,84"
Lateral Derecho,50,"37218243,25"
Maquina Lev. Cristal Motor PDD,125,"36593451,19"
Compresor A/A,45,"36031273,37"
Moldura Refractante Paragolpes Tras. Der.,662,"35936203,16"
Burlete Vano Porton,268,35629915
Llanta de Auxilio,76,"35577653,82"
Bisagra Superior Pta.Del.Izq.,411,"35297076,79"
Encausador de Aire del Ventilador,241,"35294557,87"
Emblema Modelo Tapa Baul,779,"34672323,79"
Moldura de Capot,277,"34375209,75"
Moldura de Techo Der.,198,"34002634,63"
Guardabarros Delantero Izq. (Soldado),93,"33918136,43"
Faro de Posicion Del.Izq.,102,"33764273,9"
Moldura de Techo Izq.,198,"33621535,52"
Cristal de Espejo Electrico Izq.,535,"33281921,16"
Manguera del Compresor al Evaporador,158,"33234447,67"
Faro de Posicion Del.Der.,93,"32638032,28"
Spoiler Paragolpes Del. (Con Impresion),194,"32481441,52"
Bisagra Tapa de Baul Izq.,271,"32318075,99"
Moldura del Faro Antiniebla Del. Der.,409,"32128638,54"
Neumatico de Auxilio,85,"31894684,88"
Bisagra Tapa de Baul Der.,272,"31784144,48"
Bomba Servodireccion,33,"30533571,63"
Guardabarros Delantero Der. (Soldado),67,"30310113,63"
Tapizado Puerta Del.Izq.,73,"30049805,89"
Motor Bomba Dep.Lavaparab.,269,"29975293,15"
Parante Exterior Tras.Der.,59,"29663543,4"
Frente (Atornillado),53,"29355116,67"
Tapizado del Porton,162,"29174689,24"
Llanta de Acero Del.Izq.,128,"28914780,19"
Limitador Apertura Pta Del. Izq.,303,"28455901,45"
Caja Dir Asistida Electrica,13,"28441557,44"
Soporte Electroventilador,160,"27459662,95"
Extremo de Direccion Der.,273,"27452532,16"
Airbag de Cortina Derecho,47,"27404262,38"
Extremo de Direccion Izq.,299,"27256501,59"
Llanta de Acero Del.Der.,138,"27055820,59"
Deposito de Combustible,22,"26990900,35"
Lateral Central de Caja Izq.,13,"26617096,88"
Soporte Paragolpes Tras. Central,399,"26582584,26"
Cerradura Electrica Pta. Del. Izq.,100,"26342710,75"
Chapa Portafaros Del.Izq.,179,"25932788,25"
Spoiler Porton Trasero,53,"25909300,41"
Guardabarros delantero Izq. Plastico,165,"25542136,43"
Paragolpes Tras. Central  (Sin Pintar),89,"25269631,05"
Parante Exterior Tras.Izq.,48,"25175250,16"
Manija Apertura Ext. Pta. de Caja,108,"25136519,52"
Bocina Doble,241,"25066770,23"
Emblema Insignia Tapa de Baul,474,"24851957,07"
Frente (Soldado),62,"24770736,63"
Emblema Marca Tapa Baul,495,"24663978,03"
Cristal de Espejo Electrico Der.,474,"24524167,16"
Maquina Lev. Cristal Motor PTI,84,"24449316,73"
Masa de Rueda Tras.Izq.,62,"24220556,31"
Tapa Faro Antiniebla Der.,457,"24204693,16"
Barra de Direccion Izquierda,176,"23937286,91"
Airbag de Cortina Izquierdo,41,"23875874,52"
Luz de Patente,709,"23837587,73"
Cerradura de Puerta Del.Izq.,94,"23831332,81"
Cristal Puerta Del.Der.,168,"23793018,03"
Alternador,37,"23612065,4"
Bateria,112,"23548642,36"
Diferencial Trasero,6,23436767
Luneta (Pegada),40,"23292627,51"
Puerta Lateral Derecha,14,"23219330,72"
Chapa Portafaros Del.Der.,220,"23133249,15"
Moldura Externa Tapa Baul,141,"22859188,59"
Manija Apertura Ext. PDI (parte ext.),177,"22625012,07"
Masa de Rueda Del. Izq.,69,"22624655,01"
Marco Inf. Rejilla de Aireacion,129,"22385756,16"
Refuerzo del Panel de Cola,109,"22185612,99"
Techo Solar,22,"21866022,13"
Cabina (pintada),1,21319000
Amortiguador Trasero Izq.,161,"21312487,02"
Rejilla Lat.Der.Aireacion Parag. Del.,158,"21288476,35"
Electroventilador Derecho,58,"20687187,23"
Moldura Lateral de Caja Der.,97,"20450428,98"
Burlete Vano Baul,222,"20240491,95"
Masa de Rueda Del. Der.,86,"20208968,25"
Barra de Direccion Derecha,162,"19941049,59"
Llanta de Acero Tras.Izq.,107,"19752124,86"
Rodamiento de Rueda Del.Der.,120,"19622920,97"
Moldura Central Tapa de Baul,106,"19230975,44"
Absorbedor de Golpes Delantero Der.,429,"19062844,08"
Moldura Inferior del Porton,51,"18527504,45"
Toma de Aire,194,"18478300,96"
Parante Exterior Central Izq.,50,"18439141,7"
Caja de Carga,10,18152882
Rejilla Lat.Izq.Aireacion Parag. Del.,163,"18141250,4"
Tubo Toma de Aire,163,"17997788,43"
Masa de Rueda Tras.Der.,50,"17914370,67"
Brazo de Susp Inf Del Izq,49,"17739509,04"
Guardabarros delantero Der. Plastico,144,"17452745,05"
Absorbedor de Golpes Delantero Izq.,429,"17447999,94"
Asiento Delantero Izquierdo,15,"17332863,72"
Bisagra Inferior Pta.Del.Der.,196,"17243511,22"
Manija Apertura Ext. PDD (parte ext.),192,"17212362,81"
Calco Marco de Puerta Del.Izq.,437,"16821781,47"
Sensor de Obstáculos Trasero,146,"16801030,14"
Absorbedor de Golpes Trasero Der.,304,"16705480,23"
Bisagra Superior Pta.Del.Der.,185,"16657118,34"
Lateral Trasero de Caja Izq.,13,"16391866,64"
Larguero Delantero Izq.,20,"16246104,45"
Barra Estabilizadora Delantera,57,"16241808,27"
Brazo de Susp Sup Del Izq,43,"16130488,34"
Canister,145,"16072814,26"
Parante Exterior Delantero Izq.,38,"16037963,17"
Amortiguador Trasero Der.,126,"15911754,82"
Brazo de Susp Inf Del Der,45,"15841081,96"
Soporte Paragolpes Tras.,160,"15838725,27"
Insonorizante Capot,68,"15721779,2"
Faro Antiniebla Tras. Der.,137,"15718850,51"
Calco Marco de Puerta Tras.Der.,348,"15714784,17"
Faro Antiniebla Tras. Izq.,136,"15679558,59"
Brazo de Susp Sup Del Der,42,"15647401,81"
Bieleta de Suspension Del. Izq.,187,"15445421,59"
Emblema Tipo Porton,419,"15203220,77"
Luz de Patente Der.,451,"15095610,21"
Guia Paragolpes Tras. Central,176,"14896590,99"
Parante Exterior Central Der.,40,"14822315,5"
Calco Marco de Puerta Tras.Izq.,327,"14635559,77"
Antena de Radio,114,"14629227,29"
Alma del Paragolpes Delantero Inferior,64,"14557887,98"
Marco Sup. Rejilla de Aireacion,106,"14316798,13"
Guardabarros Plastico Anterior Del. Der.,23,"14244349,1"
Modulo ABS,12,"14236341,78"
Punta de Eje Tras.Izq.,85,"14218129,54"
Guarda. Plast.Anterior Del.Der.,161,"14124261,37"
Guarda. Plast.Anterior Del.Izq.,158,"14101488,48"
Airbag Lateral Derecho,29,"14083609,49"
Rejilla Bajo Parabrisas Izq.,146,"14060962,53"
Spoiler Paragolpes Tras (Con Impresion),69,"13817112,56"
Motor Diesel,1,13784766
Traba del Capot,284,"13459906,71"
Absorbedor de Golpes Trasero Izq.,302,"13457528,16"
Caja Direccion por Cremallera,9,"13370540,66"
Rejilla Bajo Parabrisas Der.,156,"13334529,18"
Emblema Paragolpes Delantero,219,"13281884,92"
Deflector Paragolpes Del. Central,83,"13247653,95"
Moldura Sup Izquierda de Rejilla Aireacion,199,"13102637,81"
Sonda Lambda,46,"13065814,83"
Soporte de Motor Derecho,76,"13047936,25"
Manija Exterior de Puerta DD.,147,"13001936,79"
Maquina Lev. Cristal Manual PDI,62,"12920569,2"
Absorbedor de golpe delantero Inf.,80,"12878002,19"
Carter de Aceite Motor,45,"12809340,82"
Manija Exterior de Puerta Dl.,171,"12773863,53"
Barra Portaequipajes Izquierda,23,12692433
Calco Marco de Puerta Del.Der.,346,"12663362,24"
Calco Posterior Marco PDD,309,"12517232,62"
Llanta de Acero Tras.Der.,74,"12491200,05"
Electroventilador para A/A,33,"12467384,96"
Luz de Patente Izq.,436,"12453832,98"
Moldura Sup Derecha de Rejilla Aireacion,212,"12444803,08"
Cristal Puerta Tras.Izq.,88,"12441701,75"
Tapa Faro Antiniebla Izq.,130,"12395616,94"
Moldura de Puerta de Caja Izquierda,116,"12379063,91"
Soporte del Radiador,141,"12334584,35"
Moldura Lateral de Caja Izq.,53,"12331187,77"
Maquina Lev. Cristal Motor PTD,46,"12316826,5"
Cerradura de Puerta Tras.Izq.,52,"12265963,18"
Cerradura Electrica Pta. Tras.Izq.,50,"12209071,07"
Manguera Superior del Radiador,156,"12168899,31"
Burlete Vano de Puerta Del.Izq.,98,"12138922,08"
Lateral Doble Cabina Izq.,7,"12123483,25"
Encausador de Aire del Radiador,83,"12112160,67"
Modulo de Inyeccion,12,"12077086,53"
Manguera Inferior del Radiador,142,"12068101,76"
Taza de Rueda Del.Izq.,231,"12063675,44"
Moldura Inferior Izq. Rejilla Aireacion,243,11872056
Colisa Guia Cristal Pta Del.Izq.,95,"11850268,91"
Bisagra Inferior Pta.Tras.Izq.,141,"11847477,34"
Emblema Frente,131,"11813747,88"
Emblema Cilindrada Porton,348,"11747425,4"
Cerradura de Puerta Del.Der.,53,"11705797,43"
Calco Posterior Marco PDI,308,"11655377,92"
Deposito Aceite Direccion Hid.,48,"11480574,37"
Bisagra Superior Pta.Tras.Izq.,140,"11473685,85"
Bieleta de Suspension Del. Der.,185,"11441821,69"
Tapizado Puerta Del.Der.,28,"11347954,09"
Parabrisas (Calzado),16,"11234483,04"
Manija Apertura Ext. PTD (parte ext.),125,"11220746,81"
Taza de Rueda Del.Der.,233,"11189629,94"
Palier Trasero Izquierdo,11,"11189463,77"
Pasarrueda Del.Der.,37,"11158835,19"
Absorbedor de golpe delantero Sup.,41,"11121372,99"
Motor,4,11041600
Rejilla Plastica del Frente,127,"11011920,35"
Catalizador,9,"10951471,96"
Moldura de Tapa Faro Antiniebla Del. Der.,129,"10909509,57"
Rotula Izquierda,112,"10844108,32"
Colisa Guia Cristal Pta Del.Der.,83,"10833120,81"
Rejilla de Aireacion Izq.,117,"10733886,64"
Embrague Viscoso del Ventilador,16,"10688793,28"
Rejilla Sup.del Paragolpes delantero,80,"10656767,83"
Faro de Giro Lateral Izq.,312,"10478702,35"
Chapa Cierre Ventana Lateral Der.,354,"10299603,39"
Cerradura Electrica Pta. Del. Der.,54,"10280354,48"
Chapa Portafaros Tras.Izq.,74,"10265285,64"
Deposito de Combustible Auxiliar,4,"10131243,78"
Soporte de Optica Izquierda,116,"10010123,08"
Motor Limpialuneta,38,"9987506,68"
Soporte Paragolpes Delantero,171,"9892478,5"
Faro de Giro Lateral Der.,276,"9838869,76"
Bisagra Porton Izquierda,109,"9836019,5"
Moldura de Tapa Faro Antiniebla Del. Izq.,140,"9807816,15"
Paleta del Viscoso,19,"9756770,36"
Punta de Eje Tras.Der.,63,"9740411,19"
Rotula Derecha,128,"9617614,84"
Refuerzo Guardabarros Del. Izq.,36,"9592808,52"
Consola Central del Tablero,21,"9417559,37"
Manija Apertura Ext. PTI (parte ext.),120,"9404849,18"
Moldura Inferior Der. Rejilla Aireacion,277,"9369808,05"
Airbag Lateral Izquierdo,23,"9356178,3"
Moldura Sup. Paragolpe Tras.,33,"9348421,18"
Palier Trasero Derecho,9,"9205573,2"
Asiento Delantero Derecho,14,"9185574,81"
Techo De Cabina,7,"9178004,34"
Motor del Electroventilador,20,"9165431,32"
Burlete del Capot,180,"9072410,88"
Rodamiento de Rueda Tras.Izq.,51,"9063490,04"
Cristal Puerta Tras.Der.,76,"9045026,13"
Soporte Lat.Traversa Superior Der,118,"8933194,47"
Babero Protector de GDI,100,"8911945,23"
Colisa Guia Cristal Pta Tras.Der.,67,"8911232,71"
Pasarrueda Del.Izq.,42,"8878824,57"
Taza de Rueda Tras.Izq.,160,"8829869,16"
Paleta Electroventilador,21,"8818022,89"
Mascara de Frente,41,"8715810,13"
Bisagra Inferior Pta.Tras.Der.,99,"8639086,56"
Calco Lateral de Caja Der.,143,"8624242,02"
Camara Trasera,24,"8615678,97"
Bocina de Sonido Agudo,111,"8578473,61"
Bisagra Porton Derecha,105,"8568178,97"
Refuerzo Guardabarros Del. Der.,44,"8527048,15"
Soporte Lat.Traversa Superior Izq,119,"8473679,45"
Limitador Apertura Pta Del. Der.,97,"8418246,78"
Columna de Direccion,8,"8416653,69"
Panel Puerta Tras.Der.,4,"8407325,88"
Cerradura Electrica Tapa Baul,85,"8396589,76"
Airbag Lateral Del. Der.,18,"8323081,14"
Rejilla de Aireacion Der.,123,"8285971,15"
Soporte de Estribo Der.,14,8268763
Moldura Tapa Caja de Carga,47,"8171390,91"
Chapa Cierre Ventana Lateral Izq.,285,"8112664,88"
Estribo de Ascenso Izquierdo de Camion,17,"8107992,7"
Bisagra Superior Pta.Tras.Der.,95,"8070534,57"
Cobertura Piso de Baul,36,"7942216,53"
Soporte de Optica Derecha,114,"7919293,54"
Babero Protector de GDD,94,"7886170,96"
Colisa Guia Cristal Pta Tras.Izq.,47,"7823897,08"
Bisagra Inferior Pta. de Caja Izq.,57,"7815278,14"
Tambor Cerradura Puerta.Del.Izq.,44,"7799524,81"
Amortiguador de Porton Izq.,59,"7740280,89"
Calco Posterior Marco PTD,185,"7638858,22"
Espejo Retrovisor Interno,27,"7594937,19"
Bandeja Portaobjetos Trasera,34,"7582098,95"
Panel Puerta Del.Izq.,19,"7497648,92"
Encausador del Ventilador Derecho,56,"7488973,73"
Bomba de Agua,22,"7485971,79"
Guardabarros Plastico Anterior Del. Izq.,15,"7472694,22"
Aceite Caja de Velocidades,54,"7467558,65"
Motor del Limpiaparabrisas,45,"7446543,1"
Barra Portaequipajes Derecha,19,"7430178,87"
Panel Puerta Tras.Izq.,12,"7396784,37"
Electroventilador Izquierdo,27,"7367075,4"
Plancha de abordo. Parte Superior,10,"7345398,01"
Cristal Techo Solar Delantero,2,7335000
Calco Lateral de Caja Izq.,137,"7323954,7"
Moldura de Zocalo Anterior Der.,25,"7307705,15"
Burlete Vano de Puerta Tras.Der.,50,"7247198,52"
Panel Puerta Del.Der.,15,"7201384,65"
Taza de Rueda Tras.Der.,139,"7179167,75"
Spoiler Paragolpes Del.Der.,45,"7094615,76"
Faro de Giro Del.Der.,111,"7066484,85"
Amortiguador de Porton Der.,60,"7037239,6"
Faro de Giro Del.Izq.,122,"7004684,51"
Volante de Direccion,10,"6972679,25"
Burlete Apertura Pta.Del.Izq.,63,"6928679,07"
Block de Motor,2,"6898248,75"
Guardabarros Plastico Posterior Del. Der.,15,"6876145,07"
Moldura Interior del Capot,68,"6858374,57"
Lateral Parte Del.Izq.,7,"6855754,07"
Ballesta de Suspension Der. 2º Eje,7,"6836346,19"
Cuadro de Instrumentos,12,"6835807,48"
Calco Anterior Marco PTD,239,"6739458,4"
Airbag de Rodilla,7,"6686210,95"
Rodamiento de Rueda Tras.Der.,50,"6626599,61"
Moldura del Parabrisas Der.,73,"6599954,18"
Encausador del Ventilador Izquierdo,49,"6565288,32"
Parante Exterior Inf. Del. Izq.,9,"6556749,75"
Airbag Lateral Del. Izq.,14,"6552134,93"
Motor de la Maquina Lev.Cristal PDI,20,"6540558,13"
Burlete Vano de Puerta Tras.Izq.,59,"6524923,1"
Manija Apertura Ext. PDI (parte int.),51,"6467666,47"
Guardabarros Trasero Derecho (Camion),11,"6448999,63"
Ballesta de Suspension Izq. 2º Eje,9,"6444223,58"
Filtro de Aire,83,"6443013,25"
Emblema Puerta de Caja .izq.,133,"6425973,01"
Protector inferior del motor Izq.,32,"6381893,14"
Puerta Lateral Izquierda,11,"6362307,5"
Manija Apertura Porton Trasero,59,"6309688,64"
Emblema Cilindrada Tapa Baul,181,"6301735,34"
Burlete Apertura Pta.Tras.Izq.,54,"6281599,68"
Aceite de Motor,76,"6237648,81"
Soporte de la Patente Delantera,85,"6237094,28"
Proteccion Plastica,35,"6197148,19"
Traba del Porton,141,"6035034,48"
Manija Exterior de Puerta TD.,77,"5968248,19"
Neumático Del. Izq (1º eje),7,"5898484,25"
Refuerzo Guardabarros Tras.Izq.,9,"5861745,83"
Ventilete Derecho,2,5859164
Base de la Antena de Techo,48,"5822140,19"
Burlete Vano de Puerta Del.Der.,46,"5818814,41"
Burlete del Parabrisas,50,"5817754,66"
Tapizado del pasarruedas tras. Izq.,15,"5812308,04"
Calco Posterior Marco PTI,150,"5764377,81"
Alma de Paragolpes Delantero Superior,30,"5745789,37"
Guarda. Plast.Posterior Del.Der.,78,"5743205,58"
Sensor de Obstáculos Trasero 2,36,"5729283,05"
Tapa Plastica Int. Espejo Ret. Der.,147,"5708737,53"
Babero Protector de GTI,61,"5685967,98"
Bocina de Sonido Grave,58,"5641164,36"
Moldura de Zocalo Posterior Der.,24,"5566481,59"
Maquina Lev. Cristal Manual PTI,27,"5463755,66"
Calco Anterior Marco PTI,163,"5448904,09"
Bomba de Aceite Motor,9,"5399066,88"
Cristal Fijo Tras.Der.,27,"5350578,12"
Conjunto de Colisas PDD,10,5345847
Lateral Parte Tras. Der.,3,5318100
Neumático Ext. Der. (2º eje),8,5314098
Emblema Modelo Tapa Caja,113,"5300379,52"
Limitador Apertura Pta Tras.Izq.,59,"5295960,98"
Babero Protector de GTD,60,"5275333,4"
Techo - Cabina,6,"5270152,72"
Proteccion Plastica Tras.Guard. DD.,65,"5268408,42"
Burlete Apertura Pta.Tras.Der.,41,"5260860,08"
Tapa Plastica Int. Espejo Ret. Izq.,179,"5251647,78"
Motor de Arranque,8,"5249404,63"
Estructura Techo Solar,4,5211402
Cardan Trasero,4,"5198286,94"
Protector inferior del motor Der.,35,"5194836,59"
Manija Apertura Ext. PDD (parte int.),61,"5173698,96"
Chapa Portafaros Tras.Der.,47,"5152844,74"
Guarda. Plast.Posterior Del.Izq.,71,"5138029,62"
Brazo de Susp. Sup. Tras. Der.,4,"5136375,94"
Emblema Tipo Tapa Baul,144,"5117129,18"
Spoiler Paragolpes Del.Izq.,37,"5101324,92"
Traversa Del.Central,27,"5097332,16"
Brazo del Limpialuneta,105,"5092630,74"
Parante Exterior Delantero Der.,21,"5043423,34"
Cristal Fijo Puerta Tras.Izq.,23,"5021881,14"
Soporte Central del Frente,47,"5020608,8"
Lateral Parte Tras. Izq.,4,"5013196,26"
Tapizado de la tapa de baul,28,"4973655,8"
Rejilla del capot,37,"4952482,75"
Bisagra Inferior Pta. de Caja Der.,35,"4944873,42"
Larguero Delantero Anterior Izq.,4,"4931901,59"
Lateral Doble Cabina Der.,4,4904400
Traba de la Tapa de Baul,133,"4895724,08"
Alojamiento Rueda de Auxilio,12,"4855874,41"
Maquina Lev. Cristal Manual PDD,28,"4840047,9"
Neumatico de Auxilio 1,5,4825500
Proteccion Plastica Tras.Guard. DI.,67,"4810536,08"
Puerta del Deposito de combustible,64,"4776500,43"
Correa Multifunción,105,"4701216,72"
Burlete Apertura Pta.Del.Der.,37,"4699785,78"
Soporte del Radiador Derecho,105,"4662668,34"
Guardabarros Trasero Izquierdo (Camion),7,"4657667,28"
Pedalera,1,4597142
Refuerzo del Zocalo Izquierdo,9,4596168
Tapa Exterior Deposito Comb.,47,"4577333,53"
Carcasa de Aire Superior,29,"4576067,11"
Moldura de Puerta de Caja Derecha,45,4559031
Pasarrueda Tras.Izq.,14,"4535128,91"
Calco Tapa Caja Carga,59,"4534326,06"
Cubierta Cuadro de Instrumentos,10,"4523262,4"
Manija Apertura Ext. PTI (parte int.),50,"4520560,34"
Travesaño Soporte de Rueda Auxilio,3,"4519368,75"
Caño de Escape Intermedio,9,"4480147,03"
Caño de Llenado de Combustible,12,"4476385,82"
Guardabarros T.D.Seccion Parcial,2,4423554
Moldura del Parabrisas Izq.,65,"4415227,52"
Brazo Suspension Trasera Izq.,19,"4306690,72"
Maquina Lev. Cristal Manual PTD,22,"4293876,37"
Caño de Escape Delantero,5,"4293092,06"
Caño de Escape,5,"4248211,88"
Tapizado Puerta Tras.Izq.,19,"4234110,6"
Cristal de Espejo Manual Der.,96,"4185733,27"
Parante Trasero de Caja Izq.,2,4131520
Punta de Eje Del. Izq.,8,"4059820,89"
Cristal fijo de PDD,14,"4052698,18"
Caja de Direccion,1,4039804
Emblema Puerta de Caja .Der.,103,"4032033,45"
Zocalo Parcial Derecho,13,"4021591,47"
Larguero Delantero Der.,8,"4016106,27"
Bisagra Superior Pta. de Caja Izq.,29,"4002366,43"
Placa de Fijacion Guardabarros Del.Der.,52,"3997743,71"
Cristal de Puerta de Caja Izq.,20,"3994387,03"
Soporte de Motor Delantero,17,"3994336,78"
Paleta del Ventilador,17,"3988460,06"
Paragolpes Del. Der. (Sin Impresion),15,3976264
Estribo de Ascenso Derecho de Camion,11,"3960311,76"
Emblema Marca Tapa de Caja.,84,"3947608,83"
Cristal Fijo Tras.Izq.,20,"3946853,44"
Gancho de cierre del capot,119,"3941691,98"
Valvula de Escape de Aire,33,"3922981,96"
Caño de Escape Trasero,8,"3920613,42"
Manija Exterior de Puerta TI.,60,"3879757,43"
Neumático Del. Der. (1º eje),5,3871363
Cerradura de Puerta Tras.Der.,27,"3851645,21"
Tapizado Puerta Tras.Der.,14,"3830567,77"
Soporte del Radiador Izquierdo,95,"3817837,62"
Tambor Cerradura Tapa de Baul,25,"3807864,42"
Rodamiento de Rueda Del.Izq.,21,"3803977,09"
Conmutador Columna Direccion,5,"3758835,45"
Filtro Secador  A/A,16,"3745629,53"
Calco Puerta Del.Izq.,103,"3744322,99"
Cristal de Espejo Manual Izq.,150,"3736365,65"
Tapa Boca Deposito Comb.,47,"3722472,27"
Bisagra Tapa de Carga Izquierda,35,"3713395,72"
Juego Molduras Paragolpes Del.,27,"3702448,72"
Boca de Llenado Combustible,21,"3697967,95"
Ballesta Trasera Derecha,4,"3696925,81"
Limitador Apertura Pta Tras.Der.,47,"3693035,99"
Seccion Anterior Larguero Del. Izq.,14,"3686898,38"
Moldura de Zocalo Anterior Izq.,20,"3686463,48"
Manija Apertura Externa Tapa de Baul,6,"3673099,86"
Seccion Anterior Larguero Del. Der.,11,"3647531,9"
Zocalo de Caja Der.,2,"3642363,75"
Brazo de Susp. Del Izq Transversal,2,"3636543,76"
Guardabarros Plastico Posterior Del. Izq.,10,"3623413,62"
Deposito Sistema de Frenos,6,3596633
Guardabarros T.I. Seccion Parcial,3,3557544
Tapa Traversa Delantera Inferior.,30,"3532101,85"
Soporte de Motor Izquierdo,27,"3511696,02"
Moldura Ext. Marco Cristal PDD,34,"3510959,11"
Sensor de Obstaculos Delantero,4,"3510302,01"
Modulo del Sist. Multiplex,2,"3483861,38"
Moldura Exterior Panel de Cola,16,"3449116,58"
Lateral Inferior Izquierdo,5,3435102
Tapa Plastica Ext. Ant. Espejo Der.,81,"3411698,07"
Guardab. Del. Izq. Posterior Plastico (Camion),7,"3375265,94"
Manija Exterior Tapa Caja de Carga,31,"3373596,66"
Lateral Parte Del.Der.,3,"3368873,5"
Comandos de Calef./Aire Acond.,10,"3367142,38"
Burlete Tapa de Baul,25,"3365430,75"
Calco Puerta Tras.Izq.,63,"3352143,1"
Caja de Velocidades Automatica,1,3350000
Brazo Suspension Trasera Der.,11,"3307726,08"
Tapizado Puerta de Caja Der.,15,"3306237,21"
Larguero Delantero Anterior Der.,4,3297784
Carcasa de Aire Inferior,19,"3290923,44"
Plato de Enganche,1,3267000
Conjunto de Colisas PTI,5,3262700
Neumático Ext. Der. (3º eje),5,"3242214,63"
Zocalo Parcial Izquierdo,9,"3227221,13"
Sensor de Obstáculos Trasero 3,26,"3223151,3"
Emblema Puerta Del.Der.,57,"3217857,28"
Cristal fijo de PDI,21,"3216051,22"
Guardabarros Tras.Completo Der.,2,3204843
Sensor del ABS,7,"3198336,29"
Soporte Paragolpes Tras. Central Der.,78,"3176174,97"
Sensor de Obstáculos Trasero 4,21,"3071376,29"
Cierre de Caja de Carga Izquierdo,18,"3064986,34"
Motor de Optica Izq.,6,"3051653,87"
Protector Paragolpes Tras.,57,"2999798,52"
Valvula de Escape Izq.,58,"2977901,45"
Brazo Limpiaparabrisas Izq.,39,"2974204,7"
Tapizado Puerta de Caja Izq.,17,"2952355,87"
Placa de Fijacion Guardabarros Del.Izq.,34,"2930062,6"
Barra Division Ventanilla PTI,4,2902547
Marco Espejo Ret.Ext.Izq.,94,"2898641,21"
Ballesta Trasera Izquierda,3,"2892285,5"
Neumático Int. Der. (2º eje),4,2889603
Manija Apertura Ext. PTD (parte int.),28,"2884721,94"
Cinturon de Seguridad Tras.Der.,10,"2879166,71"
Bisagra Superior Pta. de Caja Der.,26,"2856633,99"
Radiador de Aceite,8,"2817093,54"
Cerradura Electrica Pta. Tras.Der.,21,"2806178,53"
Contacto Giratorio del Volante,10,"2803384,6"
Empalme Techo Lateral Izquierdo,17,"2785050,02"
Traversa Inferior Del. Cabina Camion,1,2783000
Unidad Hidraulica del ABS,3,"2769223,13"
Burlete Vano Puertas de Caja.,23,"2758978,56"
Disco de Freno Del.Izq.,16,"2740004,23"
Guantera,9,"2730645,62"
Moldura Ext. Marco Cristal PDI,38,"2729924,64"
Agua Desmineralizada,451,"2725553,69"
Tambor Cerradura Puerta de Caja,9,"2725066,9"
Cerradura de Puerta de caja,17,"2723042,94"
Varilla Soporte Capot,77,"2722449,77"
Conjunto de Colisas PTD,5,2715078
Moldura Bajo Optica Derecha,33,"2708854,8"
Panel de Cola Exterior,15,"2699684,82"
Manguera Izquerda de Intercooler,10,"2696250,36"
Lateral de cabina Dormitorio Derecho,1,2675605
Lateral Simple Cabina Izq.,4,2674120
Refuerzo Lat. de Caja Post. Izq.,4,"2645773,66"
Prolongacion Chapa Portafaro Del Der,27,"2641536,12"
Mecanismo de Accionam.Techo Solar,3,"2610237,06"
Pretensor Der.,9,"2599084,6"
Neumático Ext. Izq. (2º eje),5,"2596097,63"
Emblema Puerta Del.Izq.,68,"2559091,96"
Soporte Paragolpes Tras.Inf.Der,38,"2548793,78"
Tapa Plastica Ext. Post. Espejo Izq.,67,"2520374,32"
Tapa Plastica Ext. Ant. Espejo Izq.,78,"2503924,54"
Calco Anterior Marco PDD,45,"2498469,37"
Calco Puerta Del.Der.,82,"2496706,94"
Brazo de Susp. Inf. Anterior Del. Izq.,3,2477576
Plato de Freno Rueda DI.,13,"2428508,53"
Tapa Guantera,8,"2423162,66"
Moldura Ext. Marco Cristal PTD,24,"2419143,39"
Luneta (Calzada),3,2408965
Inyector Lavafaro Izquierdo,8,"2399535,86"
Soporte Paragolpes Tras. Central Izq.,75,"2389295,53"
Refuerzo Pasarruedas Del. Izq.,6,"2381558,17"
Moldura de Puerta Lateral Der.,19,"2381169,39"
Cardan Delantero,1,"2366791,25"
Cierre Inf. Puerta de Caja Der.,22,"2365609,22"
Burlete de Puerta de Caja Izq.,26,"2362001,23"
Protector del Estribo Derecho,9,"2355793,55"
Tapa Frontal del Larguero Del.Izq.,12,"2342180,27"
Pretensor Izq.,9,"2318955,85"
Extremo Direccion P/Caja H. Der.,15,"2294333,71"
Brazo Susp. Longitudinal Tras. Izq.,8,"2259092,75"
Deflector Paragolpes Del. Izq.,23,"2254146,62"
Modulo Comando del Volante,4,"2245193,77"
Colisa Interior de Puerta Dl.,33,"2240606,28"
Guardab. Del. Izq. Anteriror Metalico (camion),6,"2232514,4"
Emblema Version Tapa Caja,39,"2228263,72"
Brazo Limpiaparabrisas Der.,31,"2223578,65"
Computadora de Abordo,2,"2218449,63"
Motor de Optica Der.,3,2209460
Panel Puerta Tras.Der. Adicional CC,8,"2199424,8"
Guardab. Del. Der. Posterior Plastico (Camion),4,2184388
Soporte de Espejo Exterior Izquierdo,38,"2176377,88"
Funda Respaldo Del.Izq.,5,"2163062,62"
Junta Tapa de Cilindros,11,"2134624,29"
Cinturon de Seguridad Tras.Izq.,6,"2130157,82"
Moldura Bajo Optica Izquierda,40,"2120702,36"
Motor del Techo Solar,3,2112920
Cristal Lat. Fijo Delantero Izq.,8,"2110514,16"
Juego Zapatas de Freno,7,"2082827,47"
Brazo de Susp. Inf. Posterior Del. Izq.,3,2079784
Junta Tapa de Valvulas,8,"2079568,76"
Faro Trasero de Marcha Atras Izq.,19,"2076025,71"
Lampara Luz Antiniebla Del.Der.,43,"2073521,64"
Soporte Bateria,39,"2071335,77"
Traversa Trasera de Piso,6,"2062128,19"
Refuerzo Guardabarros Tras.Der.,3,"2060355,79"
Calco Anterior Marco PDI,67,"2054756,42"
Resorte de Suspension Del.Izq.,15,"2052234,46"
Colisa Interior de Puerta DD.,14,"2021247,18"
Neumático Ext. Der. (1º eje-Semi/Acoplado),3,2020000
Carcasa Caja de Cambios,4,"1991218,91"
Carcasa del Electroventilador Der.,11,1970709
Lampara Luz Antiniebla Del.Izq.,58,"1964268,42"
Cristal Fijo Puerta Tras.Der.,13,"1949798,09"
Empalme Techo Lateral Derecho,9,"1945473,69"
Paragolpes Del. Izq. (Sin Impresion),17,1929509
Luneta Termica,5,1929211
Cerradura de Tapa de Caja de Carga,16,"1911727,23"
Filtro de Combustible,19,"1904178,89"
Moldura de Zocalo Posterior Izq.,10,"1895681,26"
Tapizado del pasarruedas tras. Der.,10,"1889908,14"
Junta Tapa Caja Cambios,4,1884412
Soporte de Estribo Izq.,8,"1880945,88"
Refuerzo Exterior del Panel de Cola,12,"1877065,24"
Neumático Ext. Izq. (1º eje-Semi/Acoplado),3,1860000
Soporte de Motor Trasero,17,"1851562,39"
Protector del Estribo Izquierdo,4,1833732
Guarda. Plast.Posterior Tras.Der,24,"1823248,13"
Marco Espejo Ret Ext.Der.,82,"1810819,37"
Inyector Lavafaro Derecho,7,"1805011,81"
Escobilla del Limpialuneta,69,"1804115,55"
Burlete Apertura de Porton,14,"1801430,03"
Conducto de aire,20,"1799834,74"
Barra Estabilizadora Trasera,8,"1792642,97"
Moldura Plancha de Abordo Der.,9,"1786674,14"
Prolongacion Chapa Portafaro Del Izq,13,"1784915,08"
Chapa Bajo Parabrisas,3,"1775043,25"
Guia Paragolpes Tras.Lateral Izq.,29,"1760609,43"
Faro Trasero de Marcha Atras  Der.,17,"1757752,05"
Resorte de Suspension Tras.Izq.,12,"1757736,54"
Llanta Artillera Ext. Der. (3º eje),2,1754990
Brazo de Susp. Inf. Anterior Del. Der.,2,1753054
Disco de Freno Del.Der.,9,"1741427,71"
Guardab. Del. Izq. Plastico (Camion),3,"1736622,13"
Lateral Central de Caja Der.,1,1730163
Protector Superior del Motor,8,"1729906,62"
Refuerzo Guardabarros Tras. Der.,2,1723616
Soporte Paragolpes Tras.Inf.Izq,32,"1722336,53"
Valvula de Escape Der.,40,"1721163,34"
Refuerzo Parante Superior Izq.,3,1714912
Guia Paragolpes Tras.Lateral Der.,27,"1712370,31"
Bisagra Tapa de Carga Derecha,15,"1692718,39"
Encausador de Aire Der.,30,"1688166,84"
Crash Box Trasero Derecho,26,"1660475,11"
Fuelle del Semieje Del.Der. (interior),6,1649656
Bomba del Sensor Nivel de Comb.,1,1642364
Caja portafusibles,18,"1636205,3"
Aceite para Dir Hidraulica,43,"1629448,89"
Rejilla de Aireacion de Camion,14,"1623671,72"
Emblema Tipo Tapa de Caja.,40,"1623549,91"
Funda de Rueda de Auxilio,11,"1623222,19"
Cristal Lat. Fijo Delantero Der.,10,"1619999,82"
Columna de Direccion Superior,1,1611789
Manivela Limpiaparabrisas,6,"1600730,19"
Soporte de la Patente Trasera,9,"1600207,69"
Pasarrueda Tras.Der.,7,1586067
Amortiguador Izquierdo del Capot,24,"1579666,11"
Parante Exterior Sup. Del. Izq.,9,1578701
Junta Homocinetica Ext.Der.,8,"1575211,8"
Emblema Guardabarros Del.Der.,31,"1569692,45"
Escobilla Limpiaparabrisas Der.,41,"1568876,5"
Guarda. Plast.Posterior Tras.Izq,23,"1568770,85"
Caja Portafusible del Vano,15,"1562696,05"
Refuerzo Parante Tras.Izq.,5,"1558618,63"
Embellecedor Der. Paragolpes Del.,10,"1557624,73"
Tapa de Acceso Porton Trasero,13,"1550072,77"
Semieje Delantero Derecho,2,"1549374,94"
Armado/s de Rueda,61,"1540823,06"
Cristal de Puerta de Caja Der.,12,"1516596,22"
Mecanismo Apertura Int.Pta Caja Der.,8,1511457
Neumático Int. Izq. (2º eje),3,"1507147,63"
Protector del Caño de Escape,10,"1500850,47"
Luneta Movil,3,1500481
Brazo de Susp. Inf. Posterior Del. Der.,2,1495472
Larguero Derecho Completo,3,"1489609,66"
Tambor de Cerradura Porton,27,"1483423,54"
Vano Motor Derecho Nafta,1,"1483304,5"
Burlete de Puerta de Caja Der.,18,"1460195,11"
Mangueta de Suspension DD.,2,"1457131,28"
Parante Exterior Sup. Del. Der.,4,"1448773,55"
Tapa Plastica Ext. Post. Espejo Der.,51,"1447001,62"
Llanta Disco Acero Ext. Der. (2º eje),3,1441853
Deflector Paragolpes Del. Der.,16,"1438261,46"
Deposito de Combustible Diesel,2,1436918
Portaequipaje Der.,4,"1434447,5"
Cierre Inf. Puerta de Caja Izq.,18,"1431850,9"
Emblema Insignia Tapa Caja,13,"1430336,85"
Luz Marcha Atras Der. Parag.Tras.,25,"1412650,39"
Larguero Delantero Posterior Izq.,4,"1411409,36"
Lampara Luz Alta/Baja 1 Der.,51,"1403297,78"
Servofreno,3,"1390560,38"
Traba de Seguridad del Capot Izq.,13,"1384088,91"
Parlante PDI,12,"1377519,39"
Brazo de Susp. Sup. Posterior Del. Der.,2,1366000
Escobilla Limpiaparabrisas Izq.,39,"1365516,03"
Encausador de Aire Izq.,23,"1357971,75"
"Pilar ""B"" Lado Derecho",11,"1354708,01"
Calco Modelo Lado Der,33,"1354484,6"
Brazo de Susp. Sup. Posterior Del. Izq,2,1353705
Extremo Direccion P/Caja H. Izq.,11,"1351269,35"
Crash Box Trasero Izquierdo,24,"1338373,16"
Tapa Larguero Delantero Derecho,9,"1335811,22"
Moldura Ext. Marco Cristal PTI,23,"1326482,59"
Valvula/s de Inflado,84,"1324606,94"
Emblema Guardabarros Del.Izq.,28,"1317739,34"
Calco Puerta Tras.Der.,41,"1301581,61"
Tapa de Valvulas,7,"1298227,7"
Tambor de Freno Tras.Izq.,6,"1296275,32"
Tambor Cerradura Puerta.Del.Der.,11,1290688
Zocalo de Caja Izq.,2,"1289893,28"
Guia Cristal Puerta Del.Izq.,10,"1288537,62"
Paragolpes Del. Izq. (Sin Pintar),2,1283891
Conjunto de Colisas PDI,4,1279500
Unidad Emisora Nivel Comb.,1,1277151
Brazo de Suspension Inf.Tras.Der.,2,1272383
Lampara Faro de Giro Izq.,46,"1272153,43"
Larguero Trasero Izq.,3,"1266490,67"
Mec.Deslizamiento Centr.Pta.Lat.Der.,6,"1265785,69"
Brazo Susp. Transversal Tras. Post. Izq.,7,"1264346,64"
Brazo Susp. Transversal Tras. Ant. Izq.,6,"1257899,48"
Tapa de Cilindros Motor,1,"1254290,63"
Lampara Luz Alta/Baja 1 Izq.,41,"1254147,59"
Soporte Filtro de Aire,8,"1242444,68"
Tapizado Plastico Pasarruedas TD.,7,"1234264,26"
Fuelle del Semieje Del.Izq. (Interior),6,"1224445,82"
Soporte de Espejo Exterior Derecho,18,"1206453,21"
Placa Portalamparas Tras.Der.,11,"1205048,75"
Multiple de Escape,2,1200000
Parante Trasero de Cabina Der.,4,"1189838,19"
Silenciador Completo,1,"1189594,5"
Soporte Paragolpes Del. Central Der,14,"1184518,97"
Parante Trasero Inf. de Caja Izq.,2,1179400
Parasol Derecho,7,"1164486,13"
Crash Box Delantero Derecho,9,1164174
Luz Interior,4,1157290
Limitador Apertura Pta de Caja Izq.,16,"1150278,64"
Semieje Delantero Izquierdo,1,"1150088,38"
Guardapolvo Caja Direccion Der.,10,"1149347,13"
Motor del Electroventilador Der,4,"1136687,86"
Contrazocalo Izq.,7,"1120108,04"
Tapa plastica exterior sobre el GDI,13,"1093533,72"
Neumático Ext. Izq. (3º eje),2,1082900
Carcasa del Electroventilador Izq.,8,"1078211,45"
Paragolpes Tras. Reparado,3,1071450
Mec.Deslizamiento Sup.Pta.Lat.Der.,5,"1069383,69"
Resorte de Suspension Del.Der.,12,"1069364,14"
Motor de la Maquina Lev.Cristal PTI,1,1052151
Llanta Artillera Del. Izq. (1º eje),3,1042350
Parante Exterior Inf. Del. Der.,2,1041565
Refuerzo lat. de caja Izq.,3,"1036826,87"
Lateral Parte Superior Izq.,5,1035278
Ayuda 2,12,"1031784,27"
Refuerzo Pasarruedas Del. Der.,6,"1029976,11"
Refuerzo del Zocalo Derecho,5,"1026697,76"
Guia Cristal Puerta Tras.Izq.,8,"1025133,75"
Moldura Refractante Izq. Porton,7,"1021797,27"
Tapa Larguero Delantero Izquierdo,6,"1020538,54"
Parante Trasero de Cabina Izq.,3,1019839
Soporte Estribo Trasero. Der.,2,"1004371,59"
Refuerzo Parante Central Izq.,5,1002665
Lambda Control Sistem,3,1000500
Tapizado Plastico Pasarruedas TI.,5,"996943,5"
Filtro de Aceite Motor,65,"993916,68"
Junta Faro Tras.Der.,4,"991345,2"
Panel Puerta Tras.Izq. Adicional CC,4,"985976,4"
Prolongacion Panel de Cola Izq.,9,"985332,52"
Soporte Columna de Direccion,3,"975692,78"
Manija Apertura Int. Pta de Caja,8,"968868,06"
Crash Box Delantero Izquierdo,8,967780
Calco Modelo Lado Izq,36,"960202,32"
Travesaño de Techo Del.,8,"959706,33"
Tapizado Parante Central Inferior Izq.,9,"959433,75"
Guardabarros Tras.Completo Izq.,1,955000
Cristal Fijo Tras. Izq. (Calzado),2,954000
Tapizado Parante Tras.Inferior Izq.,3,"951057,5"
Tapa Frontal del Larguero Del.Der.,6,"950313,75"
Soporte Paragolpes Del. Central Izq,11,"942642,51"
Juego Discos Freno Del.,4,942517
Traba de PDI,25,"940345,23"
Portaequipaje Izq.,4,"929878,3"
Manija de Agarre Pta Del.Izq.,5,928699
Bulbo del Radiador,3,"923922,81"
Burlete Cristal Lateral Fijo Izq.,1,917390
Refuerzo Parante Central Der.,4,"916244,16"
Central de conmutacion,2,"914220,84"
Soporte Compresor,6,"910380,15"
Alojamiento de Bateria,14,"908274,73"
Embellecedor Izq. Paragolpes Del.,10,"907723,36"
Juego Pastillas de Freno Del.,4,"896015,88"
Junta Homocinetica Int.Der.,2,875000
Piso Caja,3,"872968,41"
Mecanismo de Cerradura PTD,3,"865379,13"
Portamasa Trasero Derecho,2,"862103,06"
Tapa Deposito Lavaparabrisas,41,"861733,92"
Brazo de Susp. Sup. Anterior Del. Izq.,1,859148
Guarda. Plast. Anterior Tras Izq,13,"858620,97"
Burlete inferior PDI,6,"858277,78"
Liquido para Frenos,35,"858246,99"
"Pilar ""B"" Lado Izquierdo",18,858160
Guarda. Plast. Anterior Tras Der,12,"851348,66"
Guia Cristal Posterior PTD.,11,"850820,89"
Disco de Freno Tras.Izq.,5,"847330,62"
Plastico Protector Tapizado PDI,11,"846739,96"
Mec.Deslizamiento Inf.Pta.Lat.Der.,4,"845988,81"
Fuelle del Semieje Del.Der. (Exterior),8,"841398,48"
Manija Apertura Ext. Puerta Lat. Der. (p. Ext),6,"838981,35"
Resorte de Suspension Tras.Der.,6,837018
Juego Calcos Marco de las Ptas,7,"834684,94"
Cerradura del Capot Der.,7,"827555,59"
Polea de Alternador,9,"822384,69"
Guia Cristal Posterior PDl.,16,"813700,68"
Brazo de Susp. Sup. Anterior Del. Der.,1,813120
Traba Porton de Caja Izq.,19,"809727,7"
Brazo de Susp. Sup. Tras. Izq.,4,"805500,81"
Rejilla Plastica del Paragolpes,8,804866
Inyector Lavaparabrisas Der.,18,"804672,54"
Modulo de ABR,1,804490
Neumático Int. Der. (3º eje),1,"802214,63"
Tensor del Diferencial Izq.,1,"796519,94"
Guia Inferior de Pta Corrediza Der.,4,"792861,64"
Moldura del Espejo Retr.Der.,9,"788150,38"
Luz Marcha Atras Izq. Parag.Tras.,17,"785307,21"
Moldura de Puerta Lateral Izq.,7,"781210,96"
Paragolpes Del. Central (Sin Impresion),14,780918
Luz de Lectura Del.,1,"779225,38"
Pasarruedas Externo Tras.Izq.,7,"776009,64"
Burlete del Frente,8,"774356,1"
Moldura Plancha de Abordo Izq.,6,"774023,34"
Moldura de Parabrisas,8,"772456,8"
Correa de Distribucion,17,"768185,63"
Balanceo/s de Rueda,73,"761848,08"
Llanta Disco Acero Del. Der. (1º eje),1,760421
Traba de Seguridad del Capot Der.,6,754223
Barra de Torsion Trasera Izq.,4,753589
Tapa plastica exterior sobre el GDD,16,"748443,89"
Larguero Trasero Anterior Izq.,2,"746436,56"
Juego Escobillas Limpiaparabrisas,11,"745797,05"
Moldura Lateral Izq. de Luneta,3,744644
Moldura Bajo Parrilla,10,743586
Barra pana,2,"736265,85"
Guia Cristal Posterior PTI.,9,"718063,03"
Cierre Sup. Puerta de Caja Der.,8,715020
Llanta Artillera Ext. Izq. (3º eje),2,"712671,28"
Disco de Freno Tras.Der.,4,"711962,95"
Embrague Compresor A/A,2,"710244,69"
Moldura Anterior Ext. marco PTI,8,"710172,36"
Plastico Superior Columna Dir.,5,"708960,63"
Brazo Susp. Transversal Tras. Ant. Der.,3,"707651,28"
Soporte de Caja Delantero,3,706553
Moldura Lateral de Techo Der.,4,705100
Empuñadura Palanca de Cambios,4,"704748,97"
Brazo Susp. Transversal Tras. Post. Der.,4,"697443,78"
Columna de Direccion de Camion,1,"694917,5"
Varilla de la Antena de Techo,21,"692779,22"
Moldura Superior de Luneta,5,685700
Carter de Aceite (Parte Superior),3,"685621,91"
Mecanismo Apertura Int.Pta Caja Izq.,4,"684631,49"
Punta de Eje Del. Der.,2,"679538,75"
Calco Parante Central Izq.,17,"671743,59"
Crique Original,9,"659632,93"
Llanta Artillera Ext. Izq. (1º eje-Semi/Acoplado),2,"656571,28"
Llanta Artillera Ext. Izq. (2º eje),2,"656571,28"
Panel de Cola Superior,6,652472
Pasarruedas Interior Tras.Izq.,6,"640135,18"
Silenciador Intermedio,1,"637273,56"
Amortiguador de Impacto Del. Izq.,1,"634327,38"
Motor de la Maquina Lev.Cristal PDD,4,"632633,39"
Protector Sup. Correa de Distrib.,17,"629911,21"
Moldura Faro Tras. Izq.,1,"626207,38"
Seccion Anterior Cierre Larguero Del.Der.,2,626146
Parasol Izquierdo,7,"625468,86"
Manija Interior de Puerta DI.,14,"621489,67"
Junta Homocinetica Ext.Izq.,4,"611677,52"
Pinza de Freno Tras. Izq.,1,"611107,88"
Traba Inf. de Pta de Caja Izq.,10,"609654,44"
Lampara de Posicion Der.,49,"607266,04"
Moldura Lateral de Techo Izq.,5,603000
Moldura Bajo Opticas,7,"598982,41"
Plastico Protector Tapizado PTD,6,"596341,51"
Guardab. Del. Der. Anteriror Metalico (camion),3,"592118,56"
Guardab. Tras. Central. Izq. Plastico (Camion),2,"589947,62"
Moldura Paragolpes Lat. Izq.,2,588655
Moldura Anterior Ext. marco PTD,6,"584947,6"
Perno Traba del Capot,11,"581231,21"
Llanta Artillera Int. Der. (2º eje),2,579310
Entrada Manguera de Calefaccion,1,576825
Motor del Electroventilador Izq,3,"569609,35"
Emblema Trasero Insignia,8,"569184,8"
Parte Anterior Pasarruedas Del. Izq.,3,567648
Refuerzo Anterior del Zocalo Derecho,2,556805
Moldura Paragolpes Lat. Der.,4,"553066,51"
Cerradura de Porton de Caja Der.,9,"551969,44"
Refuerzo Sup. Pasarruedas Del. Izq.,2,551602
Lateral Trasero Inf. de Caja Izq.,1,550000
Guia de Centrado Der.,11,"549951,86"
Juego Guias Paragolpes Tras.,4,549412
Tobera de Aireacion Izquierda,2,544750
Porta Masa Trasero Izq.,1,541082
Fuelle del Semieje Del. Izq. (Exterior),6,"540868,47"
Tapizado Plastico Sup. Parante DD.,8,"537812,71"
Refuerzo Guard.Tras.Superior Izq.,1,536852
Tobera de Aireacion Central Derecha,4,"527731,23"
Refuerzo Parante Tras.Der.,2,"527428,68"
Spoiler Tapa de Baul,2,"526042,7"
Neumático Int. Der. (1º eje-Semi/Acoplado),1,525000
Neumático Int. Izq. (1º eje-Semi/Acoplado),1,525000
Soporte Cuna Motor Izquierdo,2,524740
Tapizado Parante Trasero Izq.,3,524720
Anclaje Inf. Cinturon de Seg. Del. Izq.,3,"522183,79"
Prolongacion Panel de Cola Der.,5,"522161,77"
Rejilla del capot Der.,13,"517718,6"
Rejilla del capot Izq.,11,"513591,97"
Refuerzo lat. de caja Der.,2,"510254,28"
Placa Portalamparas Tras.Izq.,9,"509409,83"
Bisagra Inferior Izq. de Porton,10,"508830,23"
Colisa Interior de Puerta TD.,7,"497517,66"
Lateral Inferior Derecho,1,496700
Larguero Delantero Posterior Der.,2,"496535,9"
Guia Cristal Anterior PTI,5,"492692,49"
Moldura plastica inferior PDD,1,492681
Cierre Sup. Puerta de Caja Izq.,5,"490498,1"
Guardab. Tras. Post. Izq. Plastico (Camion),3,"489728,82"
Marco de Faro Delantero Izq.,4,"487334,67"
Tapa plastica Faro Tras.Izq.,8,484765
Plastico Protector Tapizado del Porton,2,"482956,38"
Tapizado de Tapa de Caja,1,482364
Guia Cristal Posterior PDD.,8,"481349,78"
Marco de Optica Der.,5,"480810,53"
Bulon/es de Rueda,5,"479947,81"
Conmutador Limpiaparabrisas,2,"479053,19"
Brazo Susp. Longitudinal Tras. Der.,4,"477423,68"
Funda Respaldo Del.Der.,1,476200
Lampara Luz de Patente,23,"471521,56"
Tapizado Parante Central Inferior Der.,6,"463645,72"
Cerradura del Capot Izq.,7,"461631,21"
Bisagra Superior Izq. de Porton,11,"459885,84"
Cobertura de Caja,1,455928
Soporte Brazo de Suspension D.,3,"454419,28"
Tapizado Plastico Sup. Parante DI.,5,"454244,24"
Frente Caja,2,454090
Cerradura de Porton de Caja Izq.,7,"454042,88"
Refuerzo Parante Del. Der.,4,"453616,32"
Guardapolvo Caja Direccion Izq.,10,"453372,09"
Cierre Tapa Exterior Deposito Comb.,4,"448776,68"
Juego Pastillas de Freno Tras.,2,"448007,16"
Guardab. Tras. Ant. Izq. Plastico (Camion),2,"445216,4"
Guia Cristal Anterior PTD,7,"432555,76"
Protector Izquierdo parag. Trasero,5,429656
Frente Inferior,7,426780
Soporte de Caja Trasero,2,"420620,31"
Cilindro Principal Bomba Freno,2,415800
Colisa Interior de Puerta TI.,8,"408370,76"
Cerradura Inf Puerta Caja Der,6,"407279,06"
Proteccion Plastica de Caja,3,"406949,84"
Limitador Apertura Pta de Caja Der.,8,"406138,01"
Tapa Gancho de Remolque Del (Con Impresion),13,401377
Manija Apertura Exterior Capot,19,"399680,8"
Airbag Lateral Tras. Der.,1,398000
Moldura Inferior Puerta Del. Der.,2,396700
Soporte Cuna Motor Derecho,3,"396450,4"
Radiador (para A/A),2,396000
Llanta Artillera Del. Der. (1º eje),1,395000
Pinza de Freno Del. Der.,1,393700
Moldura Posterior ext. marco PTD,5,"393273,96"
Bieleta de Suspension Tras. Der.,4,392972
Guia Superior de Pta Corrediza Der.,2,"392369,44"
Modulo Electronico Diesel,1,390000
Junta Carter,8,"383711,55"
Llanta Disco Acero Del. Izq. (1º eje),1,383432
Llanta Disco Acero Ext. Der. (3º eje),1,383432
Juego Soportes de Paragolpes Tras.,9,382718
Lampara de Xenon Izq.,1,"379672,44"
Tapizado Parante Central Superior Izq.,2,379000
Tapa Gancho de Remolque Del (Sin Pintar),27,377622
Manija Apertura Ext. Puerta Lat. Izq. (p. Ext),2,371828
Soporte de Faro Tras Izq,7,"370763,62"
Plastico Inferior Columna Dir.,5,369619
Burlete paraviento Der.,3,368834
Protector Derecho parag. Trasero,4,"367116,48"
Barra de Torsion Trasera Der.,2,366284
Tapa Plastica Exterior PTI,6,"366140,42"
Traba Porton de Caja Der.,8,"361536,35"
Manguera Izq. Intercooler Camion,1,"361412,47"
Cierre Soporte Rueda de Auxilio,2,"361027,47"
Tambor de Freno Tras.Der.,2,"359462,13"
Guia Cristal Anterior PDI,8,"356809,66"
Emblema Modelo Capot,2,"355194,81"
Plato de Freno Rueda DD.,4,"354793,84"
Manija Levanta Cristal PDD.,2,347450
Soporte del Alternador,2,347011
Caño de Vacio del Servofreno,2,"345710,75"
Tapa Gancho de Remolque Del (Sin Impresion),17,"339770,37"
Junta Carter Diesel,1,337734
Moldura plastica inferior PTD,1,"336491,25"
Refuerzo Posterior Zocalo Derecho,3,"336161,73"
Tapa Caja de Cambios,4,336026
Marco Manija de Apertura Ext.PDD,9,"332152,95"
Conjunto Mecanico Delantero,2,"329385,88"
Tapa de Bateria,6,"328689,84"
Tapa Int. Parante Ctrl. Izq.,6,"325368,02"
Protector Inf. Correa de Distrib.,13,"322512,78"
Polea del Cigueñal,2,321000
Pasarruedas Externo Tras.Der.,1,"318602,09"
Tapa Lateral Izq. Plancha Abordo,2,"318513,91"
Tapa Lateral Der. Plancha Abordo,1,"318512,91"
Burlete de Luneta,5,"316869,35"
Plato Soporte Zapatas Freno Izq.,2,316532
Faro Antiniebla Trasero,14,"315905,51"
Inyector Lavaparabrisas Izq.,16,"313939,79"
Moldura Der. Techo de Caja,1,311501
Moldura Izq. Techo de Caja,1,311501
Cinturon de Seguridad Tras.Central,2,"310298,06"
Traba Inf. de Pta de Caja Der.,7,"310152,11"
Mec.Deslizamiento Inf.Pta.Lat.Izq.,1,310000
Guia Central de Paragolpes Delantero,7,303704
Amortiguador Derecho del Capot,7,"302982,77"
Manija de Agarre Pta Del.Der.,2,302415
Piso Delantero,1,302000
Paragolpe Trasero Central  Izq. (Sin impresión),3,301745
Traba de PDD,9,"301182,81"
Protector de la Correa de Distrib.,5,300383
Cerradura Sup Puerta Caja Izquierda,5,299713
Paleta del Electroventilador Izquierdo,3,"299271,95"
Manija de Apertura Interna del Porton,3,"297994,91"
Calco Parante Central Der.,7,"297238,36"
Moldura Anterior Lateral de Caja Der.,2,"294696,77"
Refuerzo Empalme Techo Lateral Izq.,1,294070
Manguera Der. Intercooler Camion,1,"289073,84"
Moldura Posterior ext. marco PTI,2,289000
Juego Molduras Paragolpes Tras.,2,"287894,13"
Lampara de Posicion Izq.,49,"284055,76"
Manija Interior de Puerta TI.,4,"281215,77"
Guia de Centrado Izq.,6,"280770,1"
Guia Inferior de Pta Corrediza Izq.,2,279830
Emblema Cilindrada Tapa Caja,9,"277261,53"
Refuerzo Sup. Pasarruedas Del. Der.,4,"276811,88"
Marco de Optica Izq.,5,"275989,3"
Cristal Fijo Tras. Izq. (Pegado),1,275300
Llanta Artillera Ext. Der. (1º eje-Semi/Acoplado),1,275000
Llanta Artillera Int. Der. (1º eje-Semi/Acoplado),1,275000
Guia Cristal Puerta Tras.Der.,3,"274347,51"
Protector Central Paragolpes Trasero,4,274000
Embellecedor del Portaequipaje Delantero Der.,6,"272303,61"
Guardapolvo Amortiguador D.I.,9,"269439,56"
Refuerzo Chapa Portafaros Tras. Der.,2,"268556,25"
Refuerzo Larguero Int. Del. Izq.,1,265000
Lampara Luz Baja Izq.,19,"263981,46"
Tapizado Parante Central Izq.,5,262002
Paleta del Electroventilador Derecho,3,"254814,75"
Cerradura Electrica de Puerta Lateral Der.,1,"254615,41"
Lampara Luz Alta Der.,15,"254457,87"
Moldura Refractante Izquierda,5,253189
Cristal Fijo Tras. Der. (Calzado),3,"252215,1"
Tapa plastica Faro Tras.Der.,5,"250586,01"
Llanta Artillera de Auxilio 1,1,250000
Traba de PTI,9,"249770,65"
Faro de Posicion Trasero Izq.,1,249654
Faro de Posicion Trasero Der.,1,249054
Buje Soporte Varilla Capot,7,"247630,09"
Guardab. Del. Der. Metalico (camion),1,245000
Burlete superior PDI,2,242607
Rotula Inferior Izquierda,5,"241565,3"
Plastico Protector Tapizado PTI,4,"241013,76"
Soporte Varilla Capot,12,"240628,67"
Junta Inferior del Parabrisas,7,"239618,52"
Amortiguador Tapa de Baul Izq.,5,238700
Ventilete Izquierdo,1,235950
Plastico Protector Tapizado PDD,6,"228958,04"
Tapa de Inspeccion Deposito Comb.,3,"228524,75"
Empalme Techo Lateral Interior Der.,1,221154
Luz Interior Central,3,"220486,28"
Tapa Gancho de Remolque Tras (Sin Pintar),9,"216511,51"
Tapizado interior del zocalo TI.,3,"215094,8"
Sensor de Obstaculos Delantero 4,3,"212242,88"
Cadena de Distribucion,1,208000
Motor de la Maquina Lev.Cristal PTD,3,207366
Bisagra Superior Der. de Porton,1,205000
Marco de Faro Delantero Der.,3,"204820,59"
Tapa Gancho de Remolque Tras (Con impresion),11,"202608,33"
Paragolpe Trasero Central Der. (Sin impresión),2,202300
Kit de reparación óptica Izq.,3,202098
Refuerzo Guardabarros Tras. Izq.,1,201517
Traba Sup. de Pta de Caja Der.,5,"200116,99"
Cristal Ventanilla Lateral Tras.Izq.,2,200000
Guia Cristal Puerta Del.Der.,3,"199184,13"
Refuerzo Larguero Anterior Del. Izq.,2,"199061,85"
Llave de Ruedas,8,"199059,43"
Lampara Luz Alta Izq.,20,"198248,45"
Tapizado Parante Trasero Der.,4,198150
Llanta Artillera Int. Izq. (1º eje-Semi/Acoplado),1,198000
Llanta Artillera Int. Izq. (2º eje),1,198000
Refuerzo Lat. de Caja Ant. Izq.,1,"197608,5"
Tapa Deposito Agua Refrigerante,5,"196973,8"
Guia Cristal Posterior PDI.,3,"196306,36"
Cristal Fijo Superior Izq.,1,196300
Soporte Puente Eje Trasero Der.,1,196000
Tapizado Parante Tras.Inferior Der.,4,"195536,14"
Caño Flexible Dep.Bomba Hid.,2,195400
Cerradura de Puerta Lateral Der.,1,195248
Tobera de Aireacion Central Izquierda,3,"193742,85"
Guantera Inferior,2,193320
Lampara Luz Antiniebla Tras.Der.,5,191429
Sensor de Obstaculos Trasero 5,1,"191351,41"
Sensor de Obstaculos Trasero 6,1,"191351,41"
Mecanismo de Cerradura de Porton,3,"191233,7"
Juego Baberos Protectores,3,190774
Kit de Herramientas,2,"189106,12"
Tensor del Brazo de Susp. Der.,4,189089
Burlete Superior del Parabrisas,3,"188098,58"
Tapizado interior del zocalo DI,3,186913
Manija Interior de Puerta DD.,5,186881
Guia Central de Pta Corrediza Der.,4,"186509,13"
Faro de Posicion Izq,2,185501
Motor Cerradura Electrica Tapa Baul,1,"183659,23"
Calco Guardabarros Tras .Der.,2,182519
Puntera Delantera Izq.,1,182000
Marco Manija de Apertura Ext.PDI,2,"181610,4"
Soporte Bomba Servodireccion,1,181500
Tuerca/s de Rueda,5,"180450,41"
Traba de PTD,6,"179899,43"
Parlante PDD.,4,"179790,4"
Lampara Halogena Der.,4,"178314,12"
Cierre Lateral Tras. Izq.,3,177666
Refuerzo de la Traversa Superior,1,176235
Burlete inferior PTD,1,175000
Faro de Giro Trasero Izq.,2,174545
Consola Palanca Freno de Mano,1,173988
Tapa Plastica Exterior PTD,9,"173774,07"
Guardapolvo Amortiguador D.D.,8,"173563,04"
Kit de reparación óptica Der.,3,171935
Lampara Faro de Giro Lateral Izq.,20,"171841,55"
Tobera de Aireacion Central,1,"170878,5"
Junta Homocinetica Int.Izq.,1,170300
Pasarruedas Interior Tras.Der.,2,"169408,23"
Burlete Cristal Fijo Pta.Tras.Izq.,2,"168183,93"
Manija de Agarre del Panel Frontal,1,168044
Moldura del Espejo Retr.Izq.,7,167072
Larguero Trasero Der.,2,"166676,74"
Embellecedor del Portaequipaje Trasero Izq.,2,"166560,38"
Tapa Bulon / Tuerca de Rueda,7,"163112,71"
Juego Parasoles,1,162955
Tuerca/Tornillo de Fijacion Rueda de Auxilio,7,"162742,69"
Varilla de Recibidor de Cama Izq,9,"162709,66"
Rodamiento Int. de Rueda Del.Izq.,1,"160753,66"
Embellecedor del Portaequipaje Trasero Der.,1,"157177,52"
Traba Ctral  Pta.Caja en Panel de Cola,2,156000
Lampara Luz de Marcha Atras Der.,11,"155623,08"
Techo  - Caja,1,153050
Lampara Luz Baja Der.,14,"152566,32"
Lampara Luz de Marcha Atras Izq.,11,"151560,2"
Traba Superior de Pta de Caja,1,151000
Tubo Llenado Deposito Lavaparabrisas,6,"150995,67"
Tapizado Parante Central Superior Der.,4,"150935,47"
Contrazocalo Der.,1,150000
Mec.Deslizamiento Centr.Pta.Lat.Izq.,1,150000
Moldura Exterior de Luneta,1,150000
Tapa Deposito de Aceite Dir. Hid.,2,149800
Tapizado interior del zocalo DD,4,"146840,56"
Burlete superior PDD,3,142454
Tapizado Plastico Marco Luneta Der.,3,"140405,61"
Barra de Proteccion Pta Del.Izq.,1,140000
Amortiguador de Porton Inferior Izq.,4,"139916,99"
Tapa Int. Parante Del. Izq.,2,"138092,4"
Refuerzo Larguero Posterior Del. Der.,1,"137090,94"
Junta Superior del Parabrisas,4,"133377,91"
Embellecedor del Portaequipaje Delantero Izq.,3,133005
Manguera derecha de Intercooler,1,"130406,78"
Amortiguador Tapa de Baul Der.,3,129700
Parlante PTI,1,"129625,2"
Burlete Ventanilla Lateral Tras.I.,2,"129224,58"
Cristal Lateral Fijo Del. Der.,1,128986
Lampara Faro de Giro Der.,38,"128943,48"
Cilindro Rueda Tras.Der.,2,125570
Burlete inferior PTI,2,123100
Rodamiento Ext. de Rueda Tras. Der.,2,122550
Asiento Trasero,1,122003
Tapizado Plastico Marco Luneta Izq.,2,"120674,62"
Tapa fusilera,4,120068
Burlete Cristal Fijo Tras. Der.,1,120000
Burlete Cristal Fijo Tras. Izq.,1,120000
Soporte de Faro Tras Der,4,"119096,34"
Marco Manija de Apertura Ext.PTI,2,"115556,52"
Absorbedor de Golpes Pta. Del. Izq.,1,"115065,82"
Electroventilador del Condensador,1,115000
Lampara Luz de Posicion/Stop 1 Tras.Der.,10,"113975,72"
Moldura Inferior Puerta Tras. Izq.,1,"111890,63"
Tapa Int. Parante Del. Der.,3,"110839,33"
Burlete Inferior del Parabrisas,1,"110032,44"
Manija Interior del Porton,4,"109866,91"
Cristal Fijo Lateral Izq.,1,109700
Funda Respaldo Tras.Izq.,1,"109559,45"
Traba Sup. de Pta de Caja Izq.,2,"108633,54"
Portalampara Luz de Posicion Del.Der.,7,"106474,97"
Soporte Estribo Central. Der.,1,"105883,2"
Cristal Ventanilla Lateral Tras.Der.,1,105000
Cierre de Caja de Carga Derecho,2,"103845,06"
Moldura de Tapizado de PDD,1,"103101,32"
Tapa Int. Parante Ctrl. Der.,4,"102385,33"
Vano Motor Derecho Diesel,1,"101683,56"
Refuerzo Parante Superior Der.,1,101640
Tapa Gancho de Remolque Tras (Sin Impresion),14,"101142,11"
Manija Levanta Cristal PDI.,4,100380
Calco Guardabarros Del.Izq.,1,99000
Tambor de Cerradura del Capot,1,97000
Cerradura de Luneta,1,96600
Carcasa del Electroventilador p/AA,1,95855
Cilindro Cerr.Columna Direccion,2,92880
Plato Freno Disco Rueda TD.,1,"91509,11"
Moldura Faro Trasero Der.,6,90637
Tapizado Marco de Luneta Superior,2,"90518,96"
Refuerzo Pasarruedas Tras.Izq.,2,"90320,46"
Refuerzo Der Paragolpes Delantero,1,90000
Refuerzo Izq Paragolpes Delantero,1,90000
Motor Cerradura Electrica del Porton,1,86700
Soporte Paragolpes Del. Inf. Izq,10,86477
Moldura Faro Trasero Izq.,3,"86272,74"
Manguera de venteo extensible,1,86000
Soporte Bandeja Portaobjetos TD.,2,"85665,21"
Tambor de Cerradura de Pta. Lat. Der.,1,84700
Refuerzo Traversa Del.Inferior.,2,"83478,18"
Rodamiento Ext. de Rueda Tras. Izq.,2,83400
Media Suspension Del.Izq.,1,"82401,12"
Calandra,1,"81765,07"
Moldura de Tapizado de PDI,2,81101
Refuerzo Posterior Zocalo Izquierdo,3,"79323,7"
Tensor de la correa,1,"77594,7"
Panel Posterior de la Cabina,1,"77302,9"
Tapa de Acceso Der. de Porton,2,77105
Gancho Rueda de Auxilio,1,75594
Lampara Luz de Posicion/Stop 1 Tras.Izq.,6,"73916,84"
Calco Guardabarros Tras .Izq.,1,73800
Soporte Inf Der Optica Der,2,73301
Manija de Agarre Pta Tras.Izq.,1,72000
Juego Molduras Completo,1,70000
Soporte Estribo Trasero. Izq.,1,69652
Moldura plastica inferior PTI,1,69237
Guia Cristal Anterior PDD,1,"68360,34"
Inyector de Agua Lavaluneta,3,68314
Burlete Interior de la Luneta,2,"68113,02"
Tapa Int. Parante Tras. Izq.,1,"67089,66"
Moldura de Tapizado de PTI,1,67032
Paragolpes Del. Der. (Sin Pintar),2,66421
Crique Universal,1,65800
Amortiguador Der. de Luneta,1,65000
Juego Completo Tambores Cerradura,1,65000
Tapa Plastica Cerradura del porton,1,64691
Juego Inyectores Lavaparabrisas,1,62660
Cenicero Plancha de Abordo,1,"62004,03"
Manometro,1,62000
Moldura Refractante Der. Porton,2,"61915,4"
Refuerzo Larguero Anterior Del. Der.,1,"59796,22"
Tapa Centro Llanta Tras.Izq.,1,59590
Cerradura Inf Puerta Caja Izquierda,1,58909
Cilindro Rueda Tras.Izq.,1,58000
Soporte del Deposito de Combustible,1,"57145,55"
Lampara Luz de Giro Tras.Der.,13,"57136,61"
Polea Bomba de Agua,1,"57086,63"
Plato Freno Disco Rueda TI.,1,"56938,85"
Cable Derecho de Porton de Caja,2,56593
Cable Izquierdo de Porton de Caja,2,56593
Burlete Apoya Optica Derecho,2,56000
Burlete Apoya Optica Izquierdo,2,56000
Faro de Largo Alcance Izq.,1,56000
Burlete paraviento Izq.,2,"55021,88"
Portaobjetos de Techo Izq.,1,54889
Junta Faro Tras.Izq.,4,"54129,36"
Tapizado Plastico Inf. Parante DD.,1,"52924,71"
Soporte Paragolpes Del. Inf. Der,9,52004
Parante Trasero de Caja Der.,1,51783
Bieleta de Suspension Tras. Izq.,1,51630
Tapa Deposito Liquido de Frenos,1,51200
Portalampara Luz de Posicion Del.Izq.,5,"50696,65"
Marco Cristal Lat. Fijo Del. Izq.,1,"50219,2"
Juego Marcos Faros Antiniebla,1,50000
Juego Soportes de Paragolpes Del.,1,49951
Faro de Giro Trasero Der.,1,49905
Faro de Posicion en Estribo Izq.,3,48910
Colisa Posterior Puerta Tras. Izq.,1,48903
Sensor de Obstaculos Delantero 2,1,48882
Caño de Entrada Deposito Hid.,2,47881
Inyector Lavaparabrisas,3,47339
Moldura Lateral Der. de Luneta,1,47044
Burlete Cristal Fijo Pta Del Der,1,45800
Burlete Cristal Fijo Pta Del Izq,1,45800
Guardabarros Delantero,1,45000
Guardapolvo Amortiguador T.D.,3,43449
Rotula Inferior Derecha,3,43201
Traba Inferior de Pta de Caja,1,43000
Contenedor Crique / Llave de Ruedas,2,42682
Tapa Plastica Interior PTI,2,"42390,5"
Riel Guia de Cristal PDD,1,42241
Riel Guia de Cristal PDI,1,42222
Burlete Derecho del capot,1,42000
Manubrio,1,42000
Embellecedor Parante Central Der.,1,41770
Faro de Posicion en Estribo Der.,2,41650
Parante Trasero Sup. de Caja Izq.,1,"39087,79"
Paragolpes Del. Central (Sin Pintar),1,38521
Parlante Trasero Izquierdo,1,37799
Soporte Inf Izq Optica Der,1,35200
Lampara Luz de Patente Der.,3,34639
Tapa de Acceso Izq. de Porton,1,34000
Portalampara Faro de Giro Der.,3,"33326,2"
Seccion Anterior Cierre Larguero Del.Izq.,1,"33209,5"
Manija de Techo Del. Der.,1,"32461,17"
Rejilla Parlante Tras.Izq.,1,31977
Soporte Bandeja Portaobjetos TI.,1,"31279,19"
Parte Anterior Pasarruedas Del. Der.,2,30926
Anclaje Inf. Cinturon de Seg. Del. Der.,1,"30322,79"
Manija Interior de Puerta TD.,1,30000
Muñeco Tras.Der. Caja de Carga,1,30000
Luz de puerta Del Izq,1,29970
Burlete Izquierdo del capot,1,29900
Manija de Techo Tras. Der.,1,"28989,66"
Lampara Luz de Giro Tras.Izq.,11,"28020,1"
Espejo Retrovisor Derecho,1,28000
Espejo Retrovisor Izquierdo,1,28000
Protector Central Correa Distrib.,1,27088
Varilla de Recibidor de Cama Der,1,25560
Protector Interior Correa de Distrib.,1,25035
Soporte Luz de Patente,1,23850
Cerradura Electrica de Puerta Lateral Izq.,1,"23522,4"
Palanca de Embregue,1,23000
Tapizado Parante Central Der.,1,"22577,4"
Valvula de Carga Trasera,1,22480
Moldura Ext. Cristal Fijo Del. Der.,1,22050
Lampara Luz Stop Izq.,6,"22023,13"
Juego Tapa Plast. Int. del Espejo Retrovisor,3,22002
Rodamiento de Rueda Trasera,1,22000
Emblema Chapa Portafaro Tras.Der.,2,20985
Lampara Luz Posicion Tras.Der.,5,"20571,4"
Burlete Trasero del Capot,1,"19615,59"
Amortiguador de Impacto Tras. Izq.,1,"19611,49"
Manija Levanta Cristal PTI.,1,19160
Tapizado Parante Tras.Posterior D.,1,18900
Resorte Traba del Capot,2,18448
Lampara Luz Stop Der.,5,"18437,08"
Refuerzo Parante Del. Izq.,2,18001
Moldura Manija Int.Apertura  PDI,1,16950
Travesaño de Techo Central,1,16600
Emblema Chapa Portafaro Tras.Izq.,1,15400
Burlete Vano Motor,1,15000
Lampara Faro de Giro Lateral Der.,12,"14058,84"
Lampara Luz Posicion Tras.Izq.,6,"13843,52"
Lampara Halogena Izq.,3,12001
Varilla Soporte Bateria,1,12000
Filtro de aceite,2,"11239,18"
Portalampara Faro de Giro Izq.,4,"9387,99"
Refuerzo Anterior del Zocalo Izquierdo,2,6806
Lampara de Luz Stop Adicional,2,"1760,5"
Lampara Luz Antiniebla Tras.Izq.,1,1500
Lampara Luz de Patente Izq.,1,1500
Burlete Cristal Puerta de Caja Izq.,1,250
Vano Motor Izquiedo Nafta,2,"199,98"
Refuerzo del Parallamas,1,10
Marco Manija de Apertura,2,2
Refuerzo Inf. Parante Central Izq.,2,2
Tapizado Parante Tras.Posterior I.,2,2
Burlete Cristal Lateral Fijo Der.,1,1
Cristal Fijo Lateral Der.,1,1
Prolongacion Delant. Estribo Derecho,1,1
Prolongacion Trasera Estribo Derecho,1,1
Soporte del Cristal PDD,1,1
Soporte Inf Der Optica Izq,1,1
Spoiler de Porton Der.,1,1
Tapizado Interior del Zocalo Izq.,1,1
Tapizado interior del zocalo TD.,1,1
Tapizado Plastico Inf. Parante DI.,1,1
Traversa Trasera de Piso Der.,1,1
Bisagra de Luneta Derecha,1,0
Bisagra de Luneta Izquierda,1,0